{"cameraMode":{"drawMode":0,"name":"Shaded","section":"Shading Mode"},"sceneLighting":true,"audioPlay":false,"sceneViewState":{"m_AlwaysRefresh":false,"showFog":true,"showSkybox":true,"showFlares":true,"showImageEffects":true,"showParticleSystems":true,"showVisualEffectGraphs":true,"m_FxEnabled":true},"in2DMode":false,"pivot":{"x":8.587258338928223,"y":-57.95322799682617,"z":58.248085021972659},"rotation":{"x":0.3836708068847656,"y":0.023547964170575143,"z":-0.009784831665456295,"w":0.9231272339820862},"size":52.896419525146487,"orthographic":false}